wave,mint,creationSignature,creationSlot,activityWindowComplete,uniqueBuyWallets,buyEvents,sellEvents,mintOwner,quoteMint,mayhem,curveComplete,realQuoteLamportsAtCandidateRead,realTokenRawAtCandidateRead,recheckEligible,selected,reason
1,DFrKRBiJJdJK8VqGQjoXxHzXNe5PhnPkgvP2hXFrpump,5E3wVSmNRsKuchrFgTyh1FtgnNRQR1sanA8cREQPjvCsEEusME6rp5QibNwwP3pX1vY3kzgtzNjm5k5YqwLZhnTs,453228571,true,,,,TokenzQdBNbLqP5VEhdkAS6EPFLC1PHnBqCXEpPxuEb,11111111111111111111111111111111,false,false,55150782,791131060042215,,false,fewer_than_3_unique_buy_wallets_in_45s
1,WCNBL27h2wpurgW2zDyFcWoctjXgZxUGf8m6QEKpump,5ePBzQ5bNLYcWpYekPqaZoRh9p5KtQ3UPQBudJuVY1RWPbxXJ1gRNWQePu9C5cQrWgVpkq6XBooDBPhyDxrNi7vT,453228588,true,,,,TokenzQdBNbLqP5VEhdkAS6EPFLC1PHnBqCXEpPxuEb,11111111111111111111111111111111,false,true,0,0,,false,curve_complete
1,HKEZKN1ev8hD2utDdefpcujufTwALCsVvdRcJXwGpump,2nE1yrb6FiDQiJQ1WchYK5zUR56pkF1mij9U8ZwmpfmeCPbpphm8QWwiQWEDQ7SXLUpzwrYpAD2HtvHziG7J7GqA,453228595,true,5,5,8,TokenzQdBNbLqP5VEhdkAS6EPFLC1PHnBqCXEpPxuEb,11111111111111111111111111111111,false,false,5342196208,630909272340747,true,true,selected_and_buy_submitted
1,2YwrfyGkMXxRQZhQeZNqi6PYzYwgFXXfXC15pbyapump,CrBU9eBuWcrw5bdYkGdRwqD1BTdhxgsaL1XzJPq6BqEhwvLimvQvNQw9VZdqkjP8E54w2FscWnhH8hJXKYMyN1t,453228601,true,0,0,1,TokenzQdBNbLqP5VEhdkAS6EPFLC1PHnBqCXEpPxuEb,11111111111111111111111111111111,false,false,114373943,789024762477759,,false,fewer_than_3_unique_buy_wallets_in_45s
1,FwZdz9Yduf2xeU8aPFarFVYejfiuH63StDXdutDPpump,3FivaHubmZdCeQLFzTNr2J2A18bddrrEjFmXdwRGYHe6yST7r1Lva76YH1Anbm67xXCVVpCvuCyygQRKG6ri7dYJ,453228616,true,,,,TokenzQdBNbLqP5VEhdkAS6EPFLC1PHnBqCXEpPxuEb,11111111111111111111111111111111,false,true,0,0,,false,curve_complete
1,8dH9KPiLXADcnHPQVrZd8oe5TrwGGWUV122qMpwSpump,2Akv4YwaXkvcJZN9j39AHkGH9NXQFPzaoWp9MoXCrscL3rNePsSsGjFxN7gTNxsUdpDpq14TWfumdFvxuwowjvQp,453228632,true,,,,TokenzQdBNbLqP5VEhdkAS6EPFLC1PHnBqCXEpPxuEb,11111111111111111111111111111111,false,false,6504326,792867412402313,,false,fewer_than_3_unique_buy_wallets_in_45s
1,BPw9LRhiDGMXRKA6sT18bZ3wbqXCw9eXxGT3Bpyfpump,1wGk8Tr5N8rKhwcbyM1ai3d29UJkv37wb3Fmcxv123XUMhm7KQa5zLQdkb6XpBM6LARat3bG8FPuLziyFzntS86,453228634,true,1,1,3,TokenzQdBNbLqP5VEhdkAS6EPFLC1PHnBqCXEpPxuEb,11111111111111111111111111111111,false,false,2208989774,719510420732480,,false,fewer_than_3_unique_buy_wallets_in_45s
1,3Pp1qpgC2oVqC6Ew76dPXi5SpMwGcqSk2DtXYjE21aoP,5u3XbAU3HfjTiibBMryqStBmtAy5wwP745tw6jovxnkdcxqjNz74KNK68AhL7gBGgZCiTyAgyE5qRPBhSUWnu1Wf,453228688,true,1,1,1,TokenzQdBNbLqP5VEhdkAS6EPFLC1PHnBqCXEpPxuEb,11111111111111111111111111111111,false,false,3417386621,683371017514479,,false,fewer_than_3_unique_buy_wallets_in_45s
1,EWq5vpDhvpEusAtvvWdy9LZVSkUAsUMtqP7Zg4HRpump,2Nrwer5xsCdeELhXHpS4UUghh1LbcQpgjKMFdjAY8BqC68HJnG93pQLeT2ko7Nn3iHEwtcajuQZBFjpck8kVGvUy,453228690,true,1,2,2,TokenzQdBNbLqP5VEhdkAS6EPFLC1PHnBqCXEpPxuEb,11111111111111111111111111111111,true,false,59408092,790979369998664,,false,mayhem_mode
1,9LngYArZsGpQY36aAy4fYsy28vjpqBmvj5CsU3zcXN4F,23yvhtbbVNRyHPEVJ5d2G4wnSw7ygBh5t5oYfKkapKoZCtD88fXPG3KvDxsbP77CN16e1uXJUeRXARSQHNKo5wR8,453228691,true,72,110,64,TokenzQdBNbLqP5VEhdkAS6EPFLC1PHnBqCXEpPxuEb,11111111111111111111111111111111,false,false,19088439331,375855213421287,false,false,fresh_recheck_not_eligible
1,56hZxpr4MYKh7Wys49fSUbAgUBLe8wGGvaeycn15kzyY,4K53GwTMwjo1vGbgTrfH53mQzagedR9GzWHQSqKjKeMEK7n47Kuab1fCCZsSoa57ircqyremQnrCD5RHVaTS2W4B,453228695,true,,,,TokenzQdBNbLqP5VEhdkAS6EPFLC1PHnBqCXEpPxuEb,XsoCS1TfEyfFhfvj8EtZ528L3CaKBDBRqRapnBbDF2W,false,false,0,793100000000000,,false,quote_asset_not_native_sol
1,5zeTC49FZBUztpPJtoTRwJ3Vwpyn5kB3g4ksKh1Ppump,4Zrzg7Z2FgorDCYkwgbSMNL2ZXQT9z9ESnn4zeNTCLT8n86Lu9Rw2FiwiKp6ofa5CmnBVUaLHuZ87cQ6nDVFpMP1,453228698,true,5,28,28,TokenzQdBNbLqP5VEhdkAS6EPFLC1PHnBqCXEpPxuEb,11111111111111111111111111111111,true,false,82246170,790185618300920,,false,mayhem_mode
1,27a4LoJHW5MMtysz828jZqEMxicC8w7sRNRdncx7pump,4weR3auFRJJRWJJnfPqmVTJ1E3fveKBHpodpah3zESQ2HES7iEktVSLKk9rEwAp1d7mte4Q2SZTStrFPZkyY7Xvn,453228704,true,1,1,2,TokenzQdBNbLqP5VEhdkAS6EPFLC1PHnBqCXEpPxuEb,11111111111111111111111111111111,true,false,131940671,788033792087901,,false,mayhem_mode
1,FEQXB95tbiLAnbe51pRDiRRkkJu99F7fHE1VFKPqj2K8,KHYk9kYhRTYf8dZqeU4PaieEw4wYD9UVFe9bierPC5p2VG7KMNUpEh1f7h6iZLCixTeXbniRyim5h2XrpNjBiWg,453228707,true,1,1,0,TokenzQdBNbLqP5VEhdkAS6EPFLC1PHnBqCXEpPxuEb,11111111111111111111111111111111,false,false,950757180,760139176479899,,false,fewer_than_3_unique_buy_wallets_in_45s
1,7SMaQsJLgC88PaFudrzA6qj7n18D93xcEeiSnuAzpump,2zD25qg2zntPWNyUhhbHWPxaVy15oQMrhN9sLgMrr3GnkGpKAJCmSt11gAKadABPTD7xeXMaqKny5BBu46oQCMt8,453228723,true,4,8,13,TokenzQdBNbLqP5VEhdkAS6EPFLC1PHnBqCXEpPxuEb,11111111111111111111111111111111,true,false,26460679,793403221953045,,false,mayhem_mode
2,JCu5KtfWzq2BZTHRFYGf5MgYwGvUKv1zNK7vdthNpump,TFmeCsuPB5XQFuhfUVAwQorTdQjfziJLvYuBc65kVJNSy1VQp6T8rjf1hibu6MHQjtB5efXMrvz38s9UhS2TyNj,453230135,true,0,0,1,TokenzQdBNbLqP5VEhdkAS6EPFLC1PHnBqCXEpPxuEb,11111111111111111111111111111111,true,false,158187140,787618460409448,,false,mayhem_mode
2,5WNZV3rnNGiWwjmiwJhAkacbewLdzikDFLuPQ1Jepump,8Z8VRGzYq9jZ2Z92Zg2YfvV5mnuSKY4XQYjrPDv1ozPD1bTXTycSGYH3nASreXpLZfg9pgQxJvZGfeMo6WKE3Q6,453230145,true,0,0,1,TokenzQdBNbLqP5VEhdkAS6EPFLC1PHnBqCXEpPxuEb,XsDoVfqeBukxuZHWhdvWHBhgEHjGNst4MLodqsJHzoB,false,false,10176234,783754977276613,,false,quote_asset_not_native_sol
2,G3kRev8g2BA6pZq8jF3cymMy8eP2CFrscWieQV3t243G,5gsMEXspBRmpsy51sRcswMzEKHsMpyBGEjtLnkbbBWHDSGqnsMEDXPaCZaZH2pQzCkpyTSE27eDcKsJfBBdy22dH,453230148,true,0,0,1,TokenzQdBNbLqP5VEhdkAS6EPFLC1PHnBqCXEpPxuEb,11111111111111111111111111111111,false,false,1057870210,756552267535023,,false,fewer_than_3_unique_buy_wallets_in_45s
2,3rSvnJENNqknjRcTmjjSazYS3anysPHMFu4HPak7pump,2J8UGJg1g9KLan7GT8EwUaJ3toLJASemG7iYJihDkCY8w5xodxQuxi7xqRNgVdkScvL1C62r2nNnve43Vd2BSB7V,453230162,true,0,0,1,TokenzQdBNbLqP5VEhdkAS6EPFLC1PHnBqCXEpPxuEb,11111111111111111111111111111111,false,false,1482649162,742567958010343,,false,fewer_than_3_unique_buy_wallets_in_45s
2,FpMapmLP1Z3ZnQECxejLVUshNa9u6Gzug8jbNSVqwEzs,5qEDjuGFF2RgcejtDBdgF3yVZK4Q5RxtkCJhU6hnNC1rv2PAUrPXSDst5kohUzKFi7eKbCGNDNpBqvns2bnicEcS,453230165,true,7,7,2,TokenzQdBNbLqP5VEhdkAS6EPFLC1PHnBqCXEpPxuEb,11111111111111111111111111111111,false,false,3583383513,678609734219249,true,false,eligible_but_ranked_below_selected
2,5p8fMtkm5KFMse6R75NgZ1crfySBrUZLax8sXGU6pump,2LH6mGymze4jP7b3hXhspJawntMBBcEdh7paWwgj9pKnCAAgF2XGV234Uk2m7vRXCn4KAbSzAHtyK6mKs3qHA6ic,453230187,true,5,13,7,TokenzQdBNbLqP5VEhdkAS6EPFLC1PHnBqCXEpPxuEb,11111111111111111111111111111111,true,false,604832046,723791054368238,,false,mayhem_mode
2,CYAGY9yUWq271UH4pZ2P85N2LMq3o58ywFp4v6cCpump,5i21XwQ7rfq68pzJ9WD6qPaz1QNis1VHRNkU2hi24YkgptJxyBqyU5FVFnMttQuWxzsVcrHk5S26KDSsbMPFcJjD,453230191,true,,,,TokenzQdBNbLqP5VEhdkAS6EPFLC1PHnBqCXEpPxuEb,11111111111111111111111111111111,false,false,448949638,777279324195130,,false,fewer_than_3_unique_buy_wallets_in_45s
2,8hTauKvQjQTnP3YaiAVcdAiPDotxUuDkLd3pe4WWRa7N,5gJe4DkYMgwEPKebNKc4SLoPho4BZQRwSiybVWzucKfBjqqLUC5qjdUiaagCtEJ6Noerp3qcj6bZvN6V9AViuCvE,453230200,true,,,,TokenzQdBNbLqP5VEhdkAS6EPFLC1PHnBqCXEpPxuEb,98kfF7rmsg1QDUEoCqNE7g7M1FdrTt92TEp2CLzypump,false,false,0,793100000000000,,false,quote_asset_not_native_sol
2,AkxStZGZV2oMq6FgDVrQYtE3xzcSUCR9gS8mE3F2pump,3MP2akSDW46X5WZ7yccNnzV5nt5QavK1LHfVzJ8SCqKar5mvmoWSYJDzFM7pbMtHszeUtaMxgxw3BWaPAgqPmH2L,453230215,true,,,,TokenzQdBNbLqP5VEhdkAS6EPFLC1PHnBqCXEpPxuEb,11111111111111111111111111111111,false,false,99012169,789570314156940,,false,fewer_than_3_unique_buy_wallets_in_45s
2,2vcmZ6nQ1v3sbWkvzZLGoGvtrE8VExzctBJMZPphpump,4ftHstBLYRmfZauTBBrHDQxgyyujX7mSQuWxmpw6o2ES7aE1ngkacatGM3UvzBn9QF9huoGTXEAnmMHyGo72dG3F,453230218,true,3,14,14,TokenzQdBNbLqP5VEhdkAS6EPFLC1PHnBqCXEpPxuEb,11111111111111111111111111111111,true,false,122081810,788264938901153,,false,mayhem_mode
2,2vdwFVgrkinpoHQcwKP8EooQcgy8oBUDh18pebsqLtFp,2ZrZKXoS3DbMWr5v9KmaRX3aiitgXQBpsD5DM1uj8sataWgEUYWB3CYyK4x9Nrk6NgUk2PwTuMFk9RqzKYq44ni9,453230226,true,,,,TokenzQdBNbLqP5VEhdkAS6EPFLC1PHnBqCXEpPxuEb,EPjFWdd5AufqSSqeM2qN1xzybapC8G4wEGGkZwyTDt1v,false,false,0,793100000000000,,false,quote_asset_not_native_sol
2,5UHcT4AoDqgrf7TUUr2aedYixow6HyoGaUV4JxB4pump,36VpPiqsBZPJUfZBh3wXwP6BjeaJoEAFKoP7PkC9u7Nv6bLw8PU8UsnFbQ85F1gpNEmH81jUFTuLyJCqRu6rtgVC,453230227,true,,,,TokenzQdBNbLqP5VEhdkAS6EPFLC1PHnBqCXEpPxuEb,11111111111111111111111111111111,false,false,1975307,793029354504519,,false,fewer_than_3_unique_buy_wallets_in_45s
2,CLqMCY1mqimmt1Hc3Fwxf4QYDef7rGb7RhhoMGBcpump,4f4wNRpjM1wGuikFk1xsQMxSyWmAUEe5BKBwSE8dVDbnEEJ1D839SXbL5636AoDDiiztoA2UQcDEe3rWyZDKKgmW,453230235,true,0,0,1,TokenzQdBNbLqP5VEhdkAS6EPFLC1PHnBqCXEpPxuEb,11111111111111111111111111111111,false,false,1,793100000000000,,false,fewer_than_3_unique_buy_wallets_in_45s
2,Bvh9xjVqTWA2AAM7HE2Lt11fbhsdAf3WyEALQwHMgSut,5uXmSwXtQDuPS41GaT876sktR3Z4UNwVKMKoNEs9PgCaaJ51PoG6NhH87p5YkVEm4vzA4QaERrj7QjDqvM746Q3b,453230252,true,32,35,34,TokenzQdBNbLqP5VEhdkAS6EPFLC1PHnBqCXEpPxuEb,11111111111111111111111111111111,false,false,3710323370,675000362661570,true,true,selected_and_buy_submitted
2,FS4YXeY4FzYGnyED3Gv2SFPqDoSTdAp9vJSm4hM1pump,3ayDAADm26p3EdY7P9U1tuJZL9sEenzRjWJgehM8p58SUZ6ssmym5nd7u1SfQd2sjSvXdKJGbykG3bSY9AwTn8VF,453230261,true,3,11,12,TokenzQdBNbLqP5VEhdkAS6EPFLC1PHnBqCXEpPxuEb,11111111111111111111111111111111,true,false,123489571,787943067458505,,false,mayhem_mode
3,4vm4NaFBSy5F95CrwR9jkZyhRivjVQMm2qHuDcHjpump,4iD4SyCF3U66MvVH2vS2bGP3XDput8uB7BCq4aUiJzSox7Nq67EFrqimtC6KRp7QQnDTjPQEK5FUh9F5WU6ZU2nU,453231656,true,1,1,1,TokenzQdBNbLqP5VEhdkAS6EPFLC1PHnBqCXEpPxuEb,11111111111111111111111111111111,false,false,1933007084,728147877244078,,false,fewer_than_3_unique_buy_wallets_in_45s
3,BjcSbMRVU9vr61g1gCA2L8MLA6SGJ477Bh5igD1NMWAM,44LiYCRJYWJzxemFg47inGuhjcueBtVbTg5KBBDtXsVmHzn7ysLhbqfvc4WSN1LpHrd3P4ywcP5HXoiVkBPGt9hr,453231671,true,1,1,0,TokenzQdBNbLqP5VEhdkAS6EPFLC1PHnBqCXEpPxuEb,11111111111111111111111111111111,false,false,50877867,791283349272244,,false,fewer_than_3_unique_buy_wallets_in_45s
3,9doa4w4CiZD6EacQHm25Z6uF6GU74LRBFBgdKVdjpump,63CJHWakYz3C4YscV5hm1nVk9ca6TGk5MQi4tvPvCybXoYQ9UdN7HGz1bn4CyfVj46eWtz7cJyDWZ6gHtnKC5X3L,453231672,true,4,30,24,TokenzQdBNbLqP5VEhdkAS6EPFLC1PHnBqCXEpPxuEb,11111111111111111111111111111111,true,false,13870479,788571459894628,,false,mayhem_mode
3,4sB9h2vbQwEmH3yt8iSuTpTWQs1MFXbi3gnEuotRpump,gwvhCJrCiwWM77bx5QhRjuMwQv1u8kYL6zAPfoqRtjB9fMZXN6dQsNofin2KVHmQu6m6p5q6DEJQwviW2F4wnCR,453231708,true,,,,TokenzQdBNbLqP5VEhdkAS6EPFLC1PHnBqCXEpPxuEb,11111111111111111111111111111111,false,false,525606865,774624489763473,,false,fewer_than_3_unique_buy_wallets_in_45s
3,3bqjGQ7HQC7JxG6fq8K6U3QYGKNMWEYsfAGn1HWc27yY,5uz8wY81sJoeRuxyZSAV6QsoQuSWKqwiyE9qJevavNp3AACFcx9mAtw9UJAu4tE315ZXTTUYwW1m7g8x5MvkZR4e,453231717,true,65,74,47,TokenzQdBNbLqP5VEhdkAS6EPFLC1PHnBqCXEpPxuEb,11111111111111111111111111111111,false,false,15368220650,429627497270266,true,true,selected_and_buy_submitted
3,HYoSzviykHMsbCUYVWGhEGs8xeSocv6ajL5HcP7Mpump,61dz2HwQkq31RuM5gMqWge9UNUwcwMK5BqWs7K1MhytBGNY436qvwymDjtSPqsmHg4hfzUTCCoR1SPYCHp3xx6nM,453231725,true,,,,TokenzQdBNbLqP5VEhdkAS6EPFLC1PHnBqCXEpPxuEb,11111111111111111111111111111111,false,false,987654321,758900796845859,,false,fewer_than_3_unique_buy_wallets_in_45s
3,GZYWPUhY2kBrM7fnHCg6gjnyXzKd9tMfXYSJhPFNpump,3aRs2U78dZw7YspqFzE9T4BGXH3PANaw7gLRhNKmcX7YwCbu3EQuyNBJdmtA776tHjo4WoZACpyUiwxURfgXRcjW,453231740,true,,,,TokenzQdBNbLqP5VEhdkAS6EPFLC1PHnBqCXEpPxuEb,11111111111111111111111111111111,true,false,1,786750320713465,,false,mayhem_mode
3,A24xhiT3kbfQZGuuGdUJBYj42yfphHPdoxWwmt6NN5se,3Y1kartAvoBqZdfVjvVq3u85QEdR1wGfhd9MKSdMjqG2Ub9ojuDqmfLC3yyDoWpD1MSToLjL1eorjPHCSi2GvB1D,453231746,true,,,,TokenzQdBNbLqP5VEhdkAS6EPFLC1PHnBqCXEpPxuEb,98sMhvDwXj1RQi5c5Mndm3vPe9cBqPrbLaufMXFNMh5g,false,false,0,793100000000000,,false,quote_asset_not_native_sol
3,CV1skwmCgKzgf2xw8tbzpDVvNiUQatcQwSoSZ1vkpump,4XvJWfyKQ5B6FjGpPyTvx2nMGYyqeUfuv5YByJzDSb9yPvxHCVn14GE738u19toWr8Mbvum4oRxCL8Bv956MALjL,453231752,true,0,0,1,TokenzQdBNbLqP5VEhdkAS6EPFLC1PHnBqCXEpPxuEb,11111111111111111111111111111111,false,false,9684272,792753737697605,,false,fewer_than_3_unique_buy_wallets_in_45s
3,83UGeK59KHrkfos8idW87UfR8PK4uixyeXf69jXwpump,Sy51HRGHBDA1Qs6zzgqCnX7a5hLDTDLnQoDkUQzac6HjE1mCgXsiJ27uLG14njDqBCwDAtnn2BtofdVa5xEXwTi,453231754,true,,,,TokenzQdBNbLqP5VEhdkAS6EPFLC1PHnBqCXEpPxuEb,11111111111111111111111111111111,false,false,494994842,775683060996921,,false,fewer_than_3_unique_buy_wallets_in_45s
3,8foRUQmriogeQBDCoRWhhGEeYd6p4t3MWRYZmRnDpump,43bQ1Hngy2Kkg9dEZmGDnw3Pa8wiPW3dDqjwFtogG4z4Y6N8JdSZetLvTrD8zykGvyZasC6ymeWVU6KH23U61ih5,453231754,true,6,59,29,TokenzQdBNbLqP5VEhdkAS6EPFLC1PHnBqCXEpPxuEb,11111111111111111111111111111111,true,false,93680125,789196051160856,,false,mayhem_mode
3,H18rymZkHZKFZXbZJNA9KFCXUt6TwKfHhJtT7kpWpump,2ocVNL9wXk2y4hdXmfcT6YmF7uSYFetwtmCQyECQho6cW7b1xouAQNLQR9DW1hVW1AHo6tR6UPTAMh1AwKvBmsXS,453231776,true,2,6,1,TokenzQdBNbLqP5VEhdkAS6EPFLC1PHnBqCXEpPxuEb,11111111111111111111111111111111,true,false,99012169,789570314156940,,false,mayhem_mode
3,GvdkM1kY8G3tddndnxBUpebM9iQbRZQDmhiB3jhTpump,2afpDwRETmaZec3hZhboKRd46LW1WY2CsctU75iPF9X1QUrTMUiX8BNvDoDRH1Ey22DELddHPY9cZHCXz92m13J7,453231778,true,3,6,6,TokenzQdBNbLqP5VEhdkAS6EPFLC1PHnBqCXEpPxuEb,11111111111111111111111111111111,true,false,367503485,775108895110748,,false,mayhem_mode
3,FZCfaew3tFfWnQwvyR2k5nf7JUdhhuFBYitWozQVqfBr,2rkv8uPrZ72hWuonHCoa6ypzD7HTwsyrNxKfA4iUxi4TRxwqB9x8pcVdmgyyMwnSQskPTcffCZd3kyr7zNmvzsRP,453231780,true,,,,TokenzQdBNbLqP5VEhdkAS6EPFLC1PHnBqCXEpPxuEb,11111111111111111111111111111111,false,false,5,793100000000000,,false,fewer_than_3_unique_buy_wallets_in_45s
3,DrZ5iajHWkLSpUCXh4EwnLzY9Ts5L4MZHAsh3R36pump,2iwaLtXQujWcj85YA2bEGe8XV36w22e8b31L3aWKBVdhEFzPbtDtNnQAckKJ83Lp8tDi62MNH3cEopDX3Qt15x5i,453231784,true,1,1,0,TokenzQdBNbLqP5VEhdkAS6EPFLC1PHnBqCXEpPxuEb,11111111111111111111111111111111,false,false,9900,793099645910119,,false,fewer_than_3_unique_buy_wallets_in_45s
4,2Uc6S4C5aQ5NH1J5Co4HPwdSuZCS8QGmBPd5SRxppump,4dmTjBS8SvurEvM6WgPs6iKDQLkbbZKKkqe8ioyWPDzKfSRGpQ2sKFyJYPm4QoGm6Z3ZU9MqejAt4QByaWtFxQHP,453232103,true,38,52,49,TokenzQdBNbLqP5VEhdkAS6EPFLC1PHnBqCXEpPxuEb,11111111111111111111111111111111,false,false,7991607851,567392384788525,true,true,selected_and_buy_submitted
4,4ncKFiug9Lp6EvvvKeMFup9zAfMiksbfreALY5gqpump,EsapYEWdbNkz4YMcrsXbocjeGTG82C5V2riV9aV9FFiDhyEDfgXR2mzEMhXHnoLZkLdueBGeJktjnuthThk73tK,453232108,true,,,,TokenzQdBNbLqP5VEhdkAS6EPFLC1PHnBqCXEpPxuEb,11111111111111111111111111111111,false,false,6514484,792867049238629,,false,fewer_than_3_unique_buy_wallets_in_45s
4,Aprg9qaNaJJF3iLitz1ZXdCsByJaXdiYBxKWqV6Hpump,4FgS7fN2TtnyMUrVNCHrCsrdetCXmrBgzmt7JQy27Pb1csHbXrWRDcvYgZHjBmViLV3LSFDQp4VUkPTU8KhmjJ6w,453232136,true,0,0,1,TokenzQdBNbLqP5VEhdkAS6EPFLC1PHnBqCXEpPxuEb,11111111111111111111111111111111,true,false,644817722,765332564258325,,false,mayhem_mode
4,BUP1Hv3mTSVENZBY9dGUcQbASdz2BDVWQT9c52RJpump,2WkRVCGzHaazt9dmMYKeLfHX1QW3wjh6GhyEA912VUmCPqgPKc2G9KXQtnybcZJdz8LRHTjHzzVRLtenjyBpQuue,453232141,true,2,8,11,TokenzQdBNbLqP5VEhdkAS6EPFLC1PHnBqCXEpPxuEb,11111111111111111111111111111111,true,false,34671926,791597778099565,,false,mayhem_mode
4,7aFrc23dqMBtZhDxSvkF522AFcqK4oJ6EqcXfEEYpump,2BZTGtWjd6ivUhSdjbvBkWBrgCnQKkP6JUkCirmcDR9d8K3f5zSMuaQu2ajocLca2HLxXUdv6sBewTM9zRBMh5w3,453232144,true,4,4,0,TokenzQdBNbLqP5VEhdkAS6EPFLC1PHnBqCXEpPxuEb,pumpCmXqMfrsAkQ5r49WcJnRayYRqmXz6ae8H7H9Dfn,false,false,57921402785,709308324541269,,false,quote_asset_not_native_sol
4,DYiG33ozwbJmqUuwYcUFJgSDLpvBGhro9hcm82MTpump,27kjdNyTp1vQgKWcL6we5EFeKdfucNNDR8XK6WdUkpVYxykFUmHXUEknh3tfzM33PUu7BV5sztvJVk9rvaqEUMVM,453232157,true,0,0,1,TokenzQdBNbLqP5VEhdkAS6EPFLC1PHnBqCXEpPxuEb,11111111111111111111111111111111,false,false,49506909,791332220144981,,false,fewer_than_3_unique_buy_wallets_in_45s
4,7xemVHjtv7ryaYKnLsBfSkznMf3ycA4KCgSrVyLkpump,5A4BYChTFM42MaPY9anmxy8bph5bQpa8sp7gxy93s75EV38MMepaV5HjnkfydYL1yucHPurmJ5mZsZ1uanmZJFKS,453232163,true,,,,TokenzQdBNbLqP5VEhdkAS6EPFLC1PHnBqCXEpPxuEb,11111111111111111111111111111111,true,false,1,790983144501701,,false,mayhem_mode
4,6hEC5ke8oWraoq4BfmcM9ckGeZepnRjzkxg6jSsBpump,2EJiMbfSDqUcqTQBiWhhd8iKVbFgQ9ha4HF7ZXMW4UkTgnABoch6CPQkyxgaLskJBp9BJYXWtgZJ7mC2X2VhMShS,453232176,true,1,1,2,TokenzQdBNbLqP5VEhdkAS6EPFLC1PHnBqCXEpPxuEb,11111111111111111111111111111111,false,false,1204718620,751674756777241,,false,fewer_than_3_unique_buy_wallets_in_45s
4,E88yBYfbzXsZZAag6ob7z1qAMjE8vitb5JpGiYHdpump,JvXekXkw1T11qxfoCXWYUTnYWE1KeFucpxd5pmepCWEZDWDSbC8CxPCVVYWdXm6ZszaKN4yLq1mUT1v8ATqmb6z,453232210,true,0,0,1,TokenzQdBNbLqP5VEhdkAS6EPFLC1PHnBqCXEpPxuEb,pumpCmXqMfrsAkQ5r49WcJnRayYRqmXz6ae8H7H9Dfn,false,false,1797619837,790286600528605,,false,quote_asset_not_native_sol
4,CMjzgyTschK8qMdk9duWuxSRfrPRNHVTc9iGyacnCDVz,2WwKEvxSAgZPksT2uYXDJTKHt7wvGiZfuzjSFEYdAGAavHWNCNXy5atbrabwXLo6JKpyTn5AXCaYk6dRk5D7gk3C,453232217,true,10,11,1,TokenzQdBNbLqP5VEhdkAS6EPFLC1PHnBqCXEpPxuEb,11111111111111111111111111111111,false,false,944612305,760345703717504,,false,real_quote_reserve_below_2_sol
4,76F3RusCT4MxPGQAx86JTKnecVL8saKYVraG9NPSYo1x,2ELxbUBfyn7ZQehA5TzM9NUmfW5H3dXfghD2nEDLv8xGsqgxHY6mSW9UrfjMY5hCAXHrQEsDHUwsYLWTQU1o9mRC,453232221,true,0,0,5,TokenzQdBNbLqP5VEhdkAS6EPFLC1PHnBqCXEpPxuEb,11111111111111111111111111111111,false,false,1294774478,748706230695440,,false,fewer_than_3_unique_buy_wallets_in_45s
4,GnNZL44wfv8fYJCwhCCc9Q7NXR1LWsL1e421PQLypump,4xfRnSeVrHZ5XzozmaPPW7kr1EDCVZJaMpE5CpbnMYsxPfySf91nT6GCC2GTZDRfMEi3Xk7ggPwqtdjoVjykgiNu,453232227,true,,,,TokenzQdBNbLqP5VEhdkAS6EPFLC1PHnBqCXEpPxuEb,11111111111111111111111111111111,true,false,5235456,794468355851750,,false,mayhem_mode
4,9HJG92SQsFg52GF7CQKJo2MVzo6y9XY4sjet8REz3u1J,45y28euuSZJrTvLXHRghCGjuiBfseLipri8t6Cux6EEatWixmRc4eB1YoE5uhYHsfdu3uassUZz12qyCVPXCY7Zi,453232232,true,,,,TokenzQdBNbLqP5VEhdkAS6EPFLC1PHnBqCXEpPxuEb,PTNzAfFAB4LvoUQEUUGrFMyUoRLExMYjH6CcfyQfsVP,false,false,1499747,789847401247225,,false,quote_asset_not_native_sol
4,E5wJEpwYV4138burEnxuV5SwT5ThxUPJcdrMVz23pump,E12DE5hJkFRhvzqBVjKGvrBhAvvJMgxCgErDxX2gE8TPx9hovdyVLb8tCXGjkpqk7zPTfxRy3zPYwSawkm4oSqA,453232243,true,,,,TokenzQdBNbLqP5VEhdkAS6EPFLC1PHnBqCXEpPxuEb,11111111111111111111111111111111,false,false,6,793100000000000,,false,fewer_than_3_unique_buy_wallets_in_45s
4,7GjWoUVWzSkPb7LTnzuYh8Wk3WGxEGHzHx3VR2TDpump,2BSDiGSRNqWc5cnJ1GW4JyezE1VrkmC5wQJrUmz2VL1REncB75zV2EcuGw7MXSXm1LFqegvVf9dqd6WwmUuxHih2,453232269,true,3,19,11,TokenzQdBNbLqP5VEhdkAS6EPFLC1PHnBqCXEpPxuEb,11111111111111111111111111111111,true,false,893910145,748185257313919,,false,mayhem_mode
5,EhbX3qHpJPRGApNehHFcDPGZX5zsajAX9foS4AZ6pump,a151U8hGK9tExSwCoKLmHojvPYF4CSgJH8QsB9CjpyetZXYk5SwzBiCMg2GqWiJagoDDLVTUAMh98EaKQH434Zb,453233644,true,,,,TokenzQdBNbLqP5VEhdkAS6EPFLC1PHnBqCXEpPxuEb,11111111111111111111111111111111,true,false,1,793173245674609,,false,mayhem_mode
5,BSB17M58cQSRDr5hgze4tfnjztW86TGUaeP5UTLUpump,2zju3i6GXpBG7DsBztQhDRdNKsd3V9XPVkADvnjzkohLCEvv7xtYb2HWP2cETxqxatL22g7n8ba1pGJyPtFrv1d7,453233657,true,7,48,26,TokenzQdBNbLqP5VEhdkAS6EPFLC1PHnBqCXEpPxuEb,11111111111111111111111111111111,true,false,49711955,790909516560696,,false,mayhem_mode
5,DjaAobAgkqh7y2Sr6akEQpv3nyd52KveyCsepNJrpump,egVzPAx1MeUs6GgBTaNdzDXc5rpoA8xx8mhWcptPdJm56Q1c6mY8ua8envogMVAZzADdNsi4tn299tjBrU82N2i,453233669,true,17,19,95,TokenkegQfeZyiNwAJbNbGKPFXCWuBvf9Ss623VQ5DA,11111111111111111111111111111111,false,false,21074427962,350356692642761,,false,mint_owner_not_token_2022
5,9SMCki2Jh9m5VvL3jcPKxo8C4XU9WZ9Tf6NeGQYyiuUu,f6Q61Kz7a1qUGrmeQQVPQ5GcbKrr4zGGUL8XDbZxxaMTFURekHVQFCWqtmuszDzzGGqGrXrvQS1xAzU196jemwT,453233673,true,0,0,1,TokenzQdBNbLqP5VEhdkAS6EPFLC1PHnBqCXEpPxuEb,11111111111111111111111111111111,false,false,1057870210,756552267534073,,false,fewer_than_3_unique_buy_wallets_in_45s
5,m8GPQ38eq5q6QFVXTFYdapZWtDjTaXsp6e2zVdwpump,5WZCGc1gBruV4x1zLgQU89mifVmrWsVwfrVD4U5CRMPSLZEFkvHnrMc8zggNWVbDCvbQtz7eJT9HuLf1PGtJzyem,453233675,true,,,,TokenzQdBNbLqP5VEhdkAS6EPFLC1PHnBqCXEpPxuEb,11111111111111111111111111111111,false,true,0,0,,false,curve_complete
5,9j2Mp3jGRTUkzpjzo1iHgqkTztiDuDG7odJfpMykdubG,3pHdRv6SidwueKmhm3UsUf8CM1Wwsj22p4RPY3mbbntovSPmJ8xW7SjsBeFiHuH9K4eodJXMsinQrGwyMKJtUWe9,453233678,true,0,0,5,TokenzQdBNbLqP5VEhdkAS6EPFLC1PHnBqCXEpPxuEb,11111111111111111111111111111111,false,false,297697688,782556967278070,,false,fewer_than_3_unique_buy_wallets_in_45s
5,2f9jy4WMijKfLEkbgGaD5h6amewZb4zPVTEgXphCpump,2ieLtih2RioJ6oPPQPeRmJd3b2mzr5ipPoyRynS7g6uVqhVKWnLfaDbaQaSNMBG2dQZCNmqZQGq2MJT8QrLPmBWk,453233681,true,0,0,13,TokenzQdBNbLqP5VEhdkAS6EPFLC1PHnBqCXEpPxuEb,11111111111111111111111111111111,false,false,1906232326,728993800980273,,false,fewer_than_3_unique_buy_wallets_in_45s
5,3213gf6Mbc7szyptV1Z2h7LtqAyChQk13ugYyaJ4pump,2wBsAsEHUgboEKgctgazmrg2CGAtGW1MXmnMazy964wfhF1KDKGCBFUB4TGqT4JHn6MHetcvAyz1d5Ruv9VN4mgt,453233689,true,,,,TokenzQdBNbLqP5VEhdkAS6EPFLC1PHnBqCXEpPxuEb,11111111111111111111111111111111,false,false,98755522,789579433345026,,false,fewer_than_3_unique_buy_wallets_in_45s
5,AMzvF9WnC7yfbNF1uR311iycjMDsUDn8Bpgj4LkSpump,EGzsCQzjgcAthqZN9vt4fQEXDjJL3n7fUk2uYcmG6wvS5pKkz8VJuZEjgmnsHdTw9Nmaju6EM2yhtdEhVeAKm2T,453233713,true,0,0,1,TokenzQdBNbLqP5VEhdkAS6EPFLC1PHnBqCXEpPxuEb,11111111111111111111111111111111,false,false,1290132793,748858817405596,,false,fewer_than_3_unique_buy_wallets_in_45s
5,6yajquDMGZfd14Bg1XiqA2WtULxAjzMCB5Y9YtRUgNHD,2pAMrs9e5pQd5VaQPam2fJq6bitntbBmLusmLNrKVaoFABtXAXqKTwzmPqH5kcug7e6HxpeRcBeL1WwRaCKxYK4G,453233719,true,42,42,32,TokenzQdBNbLqP5VEhdkAS6EPFLC1PHnBqCXEpPxuEb,11111111111111111111111111111111,false,false,1007407403,758239035093253,,false,real_quote_reserve_below_2_sol
5,Az6xJKEVpSeu7fLrMvgdqRM576eXDekYcx4ks3o11Rvd,2fa5x1c95o7yywdRV2eSTxumfGcWGc96HoXTiuus4exHLn3H9Lsh5XuogM4Cd9m5S875eZ2FpPfCrv8paKki4TeG,453233722,true,44,48,30,TokenzQdBNbLqP5VEhdkAS6EPFLC1PHnBqCXEpPxuEb,11111111111111111111111111111111,false,false,13738492311,456065012693802,false,false,fresh_recheck_not_eligible
5,6AWfqt8rzZ6kq98h13qi9rKa9CVXe5eD4dnm5mA8pump,5M7RwF5jwT2PEKs7VZkWsNuGLLqWoBG1EGW6BnV15omJ2qeWABu2rVipn4bU8G8uRTWoZJJdEZuVsG7PvwSmEjyC,453233726,true,2,2,2,TokenzQdBNbLqP5VEhdkAS6EPFLC1PHnBqCXEpPxuEb,11111111111111111111111111111111,true,false,59259259,790984672297204,,false,mayhem_mode
5,6Ps9Ztjj49B9UdbQ4XisBMH2yL2iEqQNwhUTrJ2ZUr3z,2WAmKcRqKopV3r8HAmnw1KPvqTzEHppuHo5s1rrZ2wkPtyCsUfZKFKMuLmGvs1b8ucUZzZscMuTjofMAMeECbBhj,453233747,true,0,0,6,TokenzQdBNbLqP5VEhdkAS6EPFLC1PHnBqCXEpPxuEb,11111111111111111111111111111111,false,false,3227189370,688884920302800,,false,fewer_than_3_unique_buy_wallets_in_45s
5,BQ36tdjttNpi659iGot8H2URAAmTreRRNse4XjkBkfrm,yHCvX63GMoyvttFnVDeERNBJwAcC4Er95AGqp6Ad7g6i8De6xGxAiEB1o2xpRuiftN743h7Q6Pd7xT186iMZdLC,453233754,true,43,48,48,TokenzQdBNbLqP5VEhdkAS6EPFLC1PHnBqCXEpPxuEb,11111111111111111111111111111111,false,false,22039815615,338664836664465,,false,real_quote_reserve_at_least_20_sol
5,CgwRoJBcgmSMaBYUaheVx5JKVV3oK3sH3qtV6Saypump,62BuiF3id3pWjerLdcBLVBPjKCYUcoHGShLfWa8T74v8Mm984Fi4ZHioxPCt5yjXtLjjmAXNaKfMAt5egNcjZ4Zc,453233765,true,5,23,24,TokenzQdBNbLqP5VEhdkAS6EPFLC1PHnBqCXEpPxuEb,11111111111111111111111111111111,true,false,152990368,787251814413005,,false,mayhem_mode
6,A16e9E8JRQUaD545HCq9BZTMJ94a6tzTyfJMj9k2pump,5UAJLWezBBcdKEqkPLsEkk51Tb6JXEqWk8K2ihinzTPHAVbiBDmdmRGabBHoQ2Gacf4VqNkdDKs6YDjuRcDPPTQK,453234006,true,,,,TokenzQdBNbLqP5VEhdkAS6EPFLC1PHnBqCXEpPxuEb,11111111111111111111111111111111,true,false,1,786815742143839,,false,mayhem_mode
6,WbenzEhypezk1yQa57SxKkBohY1QnzLh18Ej5rjpump,2JGfVwTXQVG3aW4E91YUMyPr9KrZZE8exBPwXWyYAn3C9CiNP4r3nMasFwsGhEjZ9kQjgTX7r35V6ZBbYDQ421DN,453234012,true,1,10,0,TokenzQdBNbLqP5VEhdkAS6EPFLC1PHnBqCXEpPxuEb,11111111111111111111111111111111,false,false,2063443510,724047064823545,,false,fewer_than_3_unique_buy_wallets_in_45s
6,6XeKzHukBorASjY1TvaagW9G55a1ZGtsP7rG1Wxnpump,4iMwofjjLgj7XHh2vSB68mNw8g43Tsh2icd2Esx7nerHM1KdifQtiWb9viUrjcj12ntYa2LmEX7oyr6NGpwiUDxX,453234021,true,,,,TokenzQdBNbLqP5VEhdkAS6EPFLC1PHnBqCXEpPxuEb,SPCXxcqXj6e5dJDVNovHN8744zkbhM2bYudU45BimGb,false,false,70,793097244086114,,false,quote_asset_not_native_sol
6,5DkxVgSGtrMUmdGLHQ85q6XmMPvztG5cbz8FWQWQa9sZ,5fmQsp1o4VPSW1F4r1osdySRia29pC89BKmn2RHbEu1N1mYvy32sx4jc9sj4WTAV6pyYufDwizXi4yemrAavrEJ5,453234022,true,0,0,1,TokenzQdBNbLqP5VEhdkAS6EPFLC1PHnBqCXEpPxuEb,11111111111111111111111111111111,false,false,48661803,791362348186771,,false,fewer_than_3_unique_buy_wallets_in_45s
6,4UDjkgsE9hf84A7kgJvU8WhYQzTwLxwJZggNGeKkpump,2tg7K2ue3ttrrjiQmXC6PQj1dggMKKnaJVrKHftwgMim1cgMiZeHqW5SR5tG6EEDv9ihHongx5cEoBrzsGenQTs,453234034,true,,,,TokenzQdBNbLqP5VEhdkAS6EPFLC1PHnBqCXEpPxuEb,11111111111111111111111111111111,false,false,138960285,788152769567858,,false,fewer_than_3_unique_buy_wallets_in_45s
6,76eRVZnLfpZGzutMt81qCfWn3VxKTKqYjRj7LKb8pump,5eEtmd4UMisXJUvnW6tF8d57mCwXW9UhXD4x47byzRhQPVUYx9cbL9BFzxWRpKu1hYx8r42kLn7jomfpDxomwq7x,453234035,true,,,,TokenzQdBNbLqP5VEhdkAS6EPFLC1PHnBqCXEpPxuEb,11111111111111111111111111111111,false,false,760493827,766572146451425,,false,fewer_than_3_unique_buy_wallets_in_45s
6,DA26tgkr9CqUE6W4a2EZWqbfmJJ4bripqB7A6CXJpump,3fUGeXR77WtJyxbUt9F3n3wMTkHcTpXrQzeMogqnM6SWPw3pfT2d3zYRg2oUYThAUJMHuXQ7ezyx7RFiqHgn7AWP,453234039,true,1,1,0,TokenzQdBNbLqP5VEhdkAS6EPFLC1PHnBqCXEpPxuEb,11111111111111111111111111111111,false,false,1530864196,741004463636098,,false,fewer_than_3_unique_buy_wallets_in_45s
6,ET1oLfda2NMG1dyZ1hizFASK7jrvzi7XKxMBGHLJ1DWy,47qAZqTXtQZf7RsvVbztz9iFqecLGw9Jerxn7FeSaShaZhghqMFKo8pzuC3HTjoNHAXoAf6XWsLUJZhygGSTswTu,453234042,true,0,0,1,TokenkegQfeZyiNwAJbNbGKPFXCWuBvf9Ss623VQ5DA,11111111111111111111111111111111,false,false,339019112,781109912141330,,false,mint_owner_not_token_2022
6,DWW8ToqqSD6h7M3znLQnAK5VMDww66gEUVRtTLsKpump,roXJTiQcGZwu4nERQBgzNepWSyRBJFwewX5M3VQf2SRVPZpZ3rxovm4cr18xgYtojEu1raL8C8oGHPFC6KNNV7c,453234057,true,0,0,1,TokenzQdBNbLqP5VEhdkAS6EPFLC1PHnBqCXEpPxuEb,11111111111111111111111111111111,false,false,345679011,780877054597864,,false,fewer_than_3_unique_buy_wallets_in_45s
6,5ZX78UopR5FSnW4n7oq1vctxtjCBQKhG3j9R6DQanaeH,4U6FtVkMswL51SY7Wxj2HsmnfbhUnYkYdbei8nQxMh13ZiWtyY9aMVBzCK7zGfA5xuigfVeNujpbkKJpiM2qX8nD,453234057,true,0,0,2,TokenzQdBNbLqP5VEhdkAS6EPFLC1PHnBqCXEpPxuEb,11111111111111111111111111111111,false,false,1481481478,742605882564079,,false,fewer_than_3_unique_buy_wallets_in_45s
6,FGY7RXKNwwNRGtB1VbgtzW8LcQk4nBG5U8cGS8cfpump,4Ep3LRPdKptNL4RtvnRBWS3P24W7E1TLWuy1dunHV8zhwMwrvqpWjPBa6cUTCwEcvpSQiT3vRqankT3f2nzK4fWa,453234059,true,0,0,2,TokenzQdBNbLqP5VEhdkAS6EPFLC1PHnBqCXEpPxuEb,11111111111111111111111111111111,false,false,98765431,789579081253152,,false,fewer_than_3_unique_buy_wallets_in_45s
6,CMJ7vzfYAuJTdZaMhGwi4tr4sv8xqZtLBjNAwpdbpump,2ppkxA5kKcdozCdnQwMvedVDo1C6gkpgvXi7H522KnnqEBB8CXqKy1U8DdJQoxkgYgCnG2gd6TrrPcbmqCnjrThh,453234067,true,2,2,0,TokenzQdBNbLqP5VEhdkAS6EPFLC1PHnBqCXEpPxuEb,11111111111111111111111111111111,false,false,2001022976,726005343354402,,false,fewer_than_3_unique_buy_wallets_in_45s
6,8h5v1mjHJ96NA7ZSsP7b9gaVBT4Rb7j8NqxJw4vSB6dz,4Qtz3Uy4sjCeKnzTVqrLdpbwAsHorMACfM1fkYjcwUER2m3WWFRKYNThKBPK5RDGXVF9oeZQM428EUuwQDaFKhoe,453234076,true,0,0,4,TokenzQdBNbLqP5VEhdkAS6EPFLC1PHnBqCXEpPxuEb,11111111111111111111111111111111,false,false,2152440527,721268168828349,,false,fewer_than_3_unique_buy_wallets_in_45s
6,6FhNry8mQEUGezW6aF9Ha1C4XGqGTYXNa1Y4CuvCbve1,5y3n6VvGJ2uewy2gcathUDpTzGrManq9B5fKPEApH4qmpPAdDjxNfzjprUDAagEeDb7b8KBfCcrbf8D5bTMoH1av,453234081,true,9,9,2,TokenzQdBNbLqP5VEhdkAS6EPFLC1PHnBqCXEpPxuEb,11111111111111111111111111111111,false,false,997530862,758569810526114,,false,real_quote_reserve_below_2_sol
6,HMQjGKLJ3mi7ttetcfjybeszUmgRQh4kKr81W2papump,55ehA7McijoqPnTnqfN7rJFaUaKFVN93WfoZ2sWaGJB6KQk6yB949oqBLvHjj4BakgVfxWHdwfegUREBWjnNs7kk,453234084,true,,,,TokenzQdBNbLqP5VEhdkAS6EPFLC1PHnBqCXEpPxuEb,SPCXxcqXj6e5dJDVNovHN8744zkbhM2bYudU45BimGb,false,false,108282,788811063396008,,false,quote_asset_not_native_sol
7,BVW4yWu89ZkSj3fKxTkdQa8yEj3cUtjXeBkfeYLmpump,2npb1Apon2CdNDARA5nsZE8csABDdGQieNDxE7AsfYm88a3S848ZRTEL3YHT6ArR9Y827PPAZ2yDEfVfuK4riRbT,453234316,true,11,11,58,TokenkegQfeZyiNwAJbNbGKPFXCWuBvf9Ss623VQ5DA,11111111111111111111111111111111,false,false,15522749603,427218974696743,,false,mint_owner_not_token_2022
7,D1rdkukUkRFiSqH77LBJ88XcCt6Fgau7SrARPVh2Q47j,CvG8aaqSfpZvqxPGyeBNVrMs6unCBTf6v3fJt6dvjAUvv3s9MnigpmNWrrtCc1mLjmpgQeFivZo7ckMxjySPtuN,453234322,true,,,,TokenzQdBNbLqP5VEhdkAS6EPFLC1PHnBqCXEpPxuEb,11111111111111111111111111111111,false,false,500000000,775509836065574,,false,fewer_than_3_unique_buy_wallets_in_45s
7,5BGjnbD7fvnY92Yo6kXgJjpBPL3ZDvu9osDP6gdH9SoL,55SdHspComTcfVqrBZDoiMJavW2TxY4PaRucDuz9Z7pAZ74g4Qf85uLMcuheTQcRSGpvhfKkAsjXZUdfJe1xaTPK,453234329,true,,,,TokenzQdBNbLqP5VEhdkAS6EPFLC1PHnBqCXEpPxuEb,11111111111111111111111111111111,false,false,29862964,792032963649808,,false,fewer_than_3_unique_buy_wallets_in_45s
7,82xhx2KMqDyAzRp2W5k8aDHJN8xhpWVxLZpkRzBqpump,4krYrJQ2GzaRugBWTt7nbhfnF7hdQJpz4BAvqB3vUu6pG9dNqjaVLWGfHYnR7Vi5gx4bk24ErFd1rga51BGWtUMC,453234332,true,0,0,4,TokenzQdBNbLqP5VEhdkAS6EPFLC1PHnBqCXEpPxuEb,11111111111111111111111111111111,false,false,454314296,777093097530773,,false,fewer_than_3_unique_buy_wallets_in_45s
7,6gvbkYRoVphmj4t8cwRJBW8tEKW3LYKJRPLZbneopump,4WBcRFDABV6UEEtMbDMgqQPmqjFUuyXc7Bsv7PkGL23iciHx3NTPx2gccvAdco74jM4rCFSNc8cECrzSF4S5STfw,453234335,true,1,14,10,TokenzQdBNbLqP5VEhdkAS6EPFLC1PHnBqCXEpPxuEb,11111111111111111111111111111111,true,false,430337024,727600587728436,,false,mayhem_mode
7,BQgvrXhbCgTG94DG4UToJY4Ggv1mmXRKw72z4eb9pump,4YA2CniiteJ3QHSVFWftF3o4tRAno6sXPiBLJGQNSxy1cBffeWC5tGZBZcp7GKKZ8y46HM3Vck8fgB13e3MisWmN,453234346,true,4,4,3,TokenzQdBNbLqP5VEhdkAS6EPFLC1PHnBqCXEpPxuEb,11111111111111111111111111111111,false,false,4553879152,651688602897203,true,true,selected_and_buy_submitted
7,7Koay8i6RhSeLLrmSmB7XrzMWgdrJtrTXvUe5HH8pump,piHGfBkerYwykibMbtifKdoeAfjSjoz6e63FR9FAHE1dzHiWLgsZQyBQGuhgPodSb722GbxHzrA9AH3VL8ERhHT,453234356,true,,,,TokenzQdBNbLqP5VEhdkAS6EPFLC1PHnBqCXEpPxuEb,11111111111111111111111111111111,false,false,267166742,783628683623353,,false,fewer_than_3_unique_buy_wallets_in_45s
7,ABMsXtggGVRHphj7mPyyNuxbWvCYobzmLFuDnMt6Z1ys,3CgXKjKn8d1mHNqS3SddKLSrHtQi5KrLQ3Lz5uPyQHcrCKkipJtGd1Nqzrh2kBHakSPijoq73cDYuTNepaAXTBdh,453234377,true,2,2,7,TokenzQdBNbLqP5VEhdkAS6EPFLC1PHnBqCXEpPxuEb,11111111111111111111111111111111,false,false,99009901,789570394772023,,false,fewer_than_3_unique_buy_wallets_in_45s
7,Ah5GBmWxJb6bfjiAy9SX9VW8aEptG5DWb8JhK1fTpump,2pYSLpzcfDEVoJ8QKiBpMi3QL9ZP7ZeGHGKmW3nYak7RF3vc1Ko527gq4tXuf2pdZy9kA58QtV6nMgmQ9ZoPSvVr,453234381,true,0,0,1,TokenzQdBNbLqP5VEhdkAS6EPFLC1PHnBqCXEpPxuEb,SPCXxcqXj6e5dJDVNovHN8744zkbhM2bYudU45BimGb,false,false,1898804,722553139599167,,false,quote_asset_not_native_sol
7,CT53WqXYqT6J9eSUxQtbPra1VD4Mgdo4f466cRKTpump,5oMuiKvetydMJYSV6KoQHB5xFJz6BpEVC9A854MQ57HDhj3kwjZFxn2krg8rnkpjpzDAqtdMUXZFoai1VfTEAwsb,453234384,true,0,0,1,TokenzQdBNbLqP5VEhdkAS6EPFLC1PHnBqCXEpPxuEb,11111111111111111111111111111111,false,false,4345679010,657335801672895,,false,fewer_than_3_unique_buy_wallets_in_45s
7,FdsyYfYotkfSeUtNkTtw4znyEAenSDUjN35mmqq2pump,5kFVDhe9viG3STkpW6edxnmT1ctegN1p96aiZVRugARm4286XDJSrxkjVAUbrJAD9pwpDGv7JPhkPYMvdxaJ4N67,453234388,true,2,11,10,TokenzQdBNbLqP5VEhdkAS6EPFLC1PHnBqCXEpPxuEb,11111111111111111111111111111111,true,false,911152049,745873915184994,,false,mayhem_mode
7,6udwQdTw1oiQNTipZQp73fcUXzTMRTS6vBphss9Lpump,2iuMGBecDFVFgMZ4QFe8EN9Kt9pvv1TgHeme3akr8fNsAieCUuMT8N5fY4uRMh6jWWM14qcUjpwQfuXPeyQred6P,453234407,true,4,4,4,TokenzQdBNbLqP5VEhdkAS6EPFLC1PHnBqCXEpPxuEb,11111111111111111111111111111111,false,false,3238148070,688565509555276,false,false,fresh_recheck_not_eligible
7,C5Lz6UFF27tw2hy3Ah4zqYVZa75puvvsiLweNarb8Hm1,2cB7rHcSeAqevptAd9i6zuQLH36CVUJMSLjeTUdEwEjTzsM37bq9DcMFNQucSDMJmXGSBJmvqyJT5uyK8fi4UE69,453234408,true,0,0,1,TokenzQdBNbLqP5VEhdkAS6EPFLC1PHnBqCXEpPxuEb,11111111111111111111111111111111,false,false,1731581395,734546762151631,,false,fewer_than_3_unique_buy_wallets_in_45s
7,EN9GQqPn1hfFtskLXXy3wK1K3G6Yn6zBPZNctJ3AxzL3,4Weux9djt2KqLD3sJG3ExLxGixMRxZDryFGVpKGnhHwYXeHqi61eMmw5iJRtBBsS9aDcQMJAHHjvrHbaDyybGjWM,453234413,true,0,0,7,TokenzQdBNbLqP5VEhdkAS6EPFLC1PHnBqCXEpPxuEb,11111111111111111111111111111111,false,false,7799561656,571697177104944,,false,fewer_than_3_unique_buy_wallets_in_45s
7,xKkwYx1aQEvz5LNxstpkoLWkcWB23cLxU9FSMW7pump,4JnN8sAAKapR1tMeNB7J7tA92sDoaJteRCGQBsfMVGkaeGV2At2aDJtLv8pbZ9UhmPH9zH3UgvqaGUzKsK3dnd53,453234413,true,12,12,25,TokenzQdBNbLqP5VEhdkAS6EPFLC1PHnBqCXEpPxuEb,11111111111111111111111111111111,false,false,7101148436,587728129628419,false,false,fresh_recheck_not_eligible
8,D7QBJHzkqrfMimXpc8HohArhELsjywt3MjahEjPypump,4jFLv83Q95AhWuyiNrNMSzszjMg5cMdbTSthbxdkJ4TcBehK18EJqBGAKFwe3imMU4SW5SXzAJ4RiejruhmLPKBb,453235818,true,,,,TokenzQdBNbLqP5VEhdkAS6EPFLC1PHnBqCXEpPxuEb,11111111111111111111111111111111,true,false,1,714749049722177,,false,mayhem_mode
8,D8JiqHnkBuDUmkyz8Vhm9QhELt15mznWEc6iKnCgpump,oCzY8bjoWGVcPQCu8YV7iGiPKanKfAobuxDNQqpCcX42HHvJZf1BJ3AjAmpbhBFHAdDKpZYg99kC21HRRoA4DxN,453235831,true,,,,TokenzQdBNbLqP5VEhdkAS6EPFLC1PHnBqCXEpPxuEb,11111111111111111111111111111111,false,false,6509710,792867219910365,,false,fewer_than_3_unique_buy_wallets_in_45s
8,DqrNtiqPnhako6mUrrH5jLnnww9eMm46mj7eLoXZpump,3RGBtCtF4Gk3d4KnuhxkSrkkXnGayEcf3Gne7GTA4AB494ewV32sw6h1XgukyoApXqUhtHKhxns1Lqq3vNsqXjwt,453235852,true,,,,TokenzQdBNbLqP5VEhdkAS6EPFLC1PHnBqCXEpPxuEb,11111111111111111111111111111111,true,false,1,736561760308191,,false,mayhem_mode
8,Cbq36xHU7ynVrrwcAN75SDYkvCmLZRX5cwUPYmUJpump,2mZtZz4msexrofdAUToAbmJKhNH3AGjaphjUzQE9RGpskbJAmpYPrhkLeHKpuBBNRon2gPK62eCs9HZz86h87XHG,453235860,true,3,4,0,TokenzQdBNbLqP5VEhdkAS6EPFLC1PHnBqCXEpPxuEb,11111111111111111111111111111111,false,false,3543192618,679758204513045,true,true,selected_and_buy_submitted
8,2meVdU4ndRm5xNG5DegRhhtuQ6jMo2hXwASv8ymTpump,61ZJAnqCTvrG4PutFrhrzxAqsw2YVhYsF8GMEiE3kya2pkrWNiMiip73R1K8xzwe6jsEgy4tVku6TzUkmXhd7JNt,453235863,true,0,0,4,TokenzQdBNbLqP5VEhdkAS6EPFLC1PHnBqCXEpPxuEb,11111111111111111111111111111111,false,false,455692522,777045264949840,,false,fewer_than_3_unique_buy_wallets_in_45s
8,CsGhqhqybVzRPtkvD29bcD7QwbtXbTFbyy3RD1s4pump,2e3KmL8xqtUQBHpRKTW3bCm6SHAYt9cJeYBRA8kM7xvifrAugVrDfKpJg4CtuqtWRFbJLid7W6dXUehoFCaQFufX,453235878,true,3,52,36,TokenzQdBNbLqP5VEhdkAS6EPFLC1PHnBqCXEpPxuEb,11111111111111111111111111111111,true,false,167194202,785235816109645,,false,mayhem_mode
8,73RjZMBkuzHhrZSbcSBaeJoauXpYmBnXKZ3Ufe2Fpump,ipLodkZk14hUkfrHt8qDMbToKfeYqAUPYsfE1p91JtVb3wNgdTQ8XvZJbpdurhcFhtJPVw9ihdLxngtor46fWW2,453235881,true,,,,TokenzQdBNbLqP5VEhdkAS6EPFLC1PHnBqCXEpPxuEb,11111111111111111111111111111111,true,false,812983,793070923131766,,false,mayhem_mode
8,5nto9mDc8Gd87mwrX155j3STqdQ12mvvPWK6gkuKpump,2ufxzEmTkbHgz1NkBwh1FzSnnAQRxYULbcJH8eASVo7DUCAfwAsHnuHHmfsoPVu5xX9EyRZjHgfYf6Ned3Kewte1,453235881,true,,,,TokenzQdBNbLqP5VEhdkAS6EPFLC1PHnBqCXEpPxuEb,11111111111111111111111111111111,false,false,247518046,784319548574457,,false,fewer_than_3_unique_buy_wallets_in_45s
8,5UGXeToQNTRVGgSJejVmA3cdw4iBbzLupfFrqY89RstJ,2GezSfAgHFu9js1422Ho55JwNKki4395bbmZksWufJ65wsuNHRwMdvRZtwYnZ4EZxMbjzShBj3Coi3kSHkKiVnyM,453235881,true,0,0,1,TokenzQdBNbLqP5VEhdkAS6EPFLC1PHnBqCXEpPxuEb,11111111111111111111111111111111,false,false,987654320,758900796879382,,false,fewer_than_3_unique_buy_wallets_in_45s
8,H55DdVvNLXQasmkuguw3FhwAV4HLJetx9TQVxTvQpump,yu4QQJmVbPgJDCgRqmDTAzJVgBryJzaUQzi2XqFUiYnsNspTkfMJXCE8zPMhicAKkhjhvgC8W5qHU4fMoLXtpmx,453235897,true,2,13,21,TokenzQdBNbLqP5VEhdkAS6EPFLC1PHnBqCXEpPxuEb,11111111111111111111111111111111,true,false,1055354174,680157759651066,,false,mayhem_mode
8,5K6WynMoxFsTdHN7CtdgaJwN59yFKpuj6kYrpwtspump,3WMdcdg1YyEQqQPKmNR5L7i8MWsCkQRRmTSvYHi6QzaqcD11ZMBTdQc8L9P815n7qkhJnT6DvSJAmBMkUpghcHUH,453235898,true,,,,TokenzQdBNbLqP5VEhdkAS6EPFLC1PHnBqCXEpPxuEb,11111111111111111111111111111111,false,false,543209876,774016734087203,,false,fewer_than_3_unique_buy_wallets_in_45s
8,DrhigrCTEvpxobKZ3DWwnXTCLvZgn26urRmuie36pump,5bS7PWNAPVU7hSuj8VwFaSrQButGrmAJP5i29EyCC5NLuKXxiKtC9MZf8M5bPEfDPYzc6sG1MVk3Kvd8DcdfSKui,453235902,true,0,0,1,TokenzQdBNbLqP5VEhdkAS6EPFLC1PHnBqCXEpPxuEb,11111111111111111111111111111111,false,false,924866420,761009912582922,,false,fewer_than_3_unique_buy_wallets_in_45s
8,Bx83L4hYyuo9shS9BFJ1gVzdyTkKuWvto42boAY9pump,5XtvfB71bUgpmZB4GQe3rQKqHsccbXPy8bDMkMm4Y3Vp9iwX9U7MdNkUucndGSghEQCBJUfn6mHnV7D9GkjjNrSM,453235902,true,0,0,1,TokenzQdBNbLqP5VEhdkAS6EPFLC1PHnBqCXEpPxuEb,11111111111111111111111111111111,false,false,10635060281,512273059483177,,false,fewer_than_3_unique_buy_wallets_in_45s
8,Bsnmw5LBAt74kuUjLNJmQP2xHwxhYe8tUej4g2nNpump,sXeTZtjwq1TRW8RGQJgcAAP8dmLaRxn26nwF8deBQXQYmWM5o4EFK4EtCBXxXtprQF2oDTzB2J4JpAhoRkb8oio,453235928,true,2,5,4,TokenzQdBNbLqP5VEhdkAS6EPFLC1PHnBqCXEpPxuEb,11111111111111111111111111111111,true,false,1479306856,734081479927532,,false,mayhem_mode
8,CMDbhCAXeHNe6eGjhgdXF3cMDePEB6H4bsH8A2vDpump,4HXTFbRtKuoyLVkV3BrJRj3YV9KkdtkfsWqcYEnrrBc3zGbjrFTboqnB17if9Kput54GstguvPbXzZThEowiJfHX,453235934,true,2,2,6,TokenzQdBNbLqP5VEhdkAS6EPFLC1PHnBqCXEpPxuEb,11111111111111111111111111111111,false,false,9274904953,539707330535362,,false,fewer_than_3_unique_buy_wallets_in_45s
9,Cu4e8qpCoTt53yqRagH95fJ9mLG13yih2joVTURiRTQn,gsvGZPK8rLuxra66P7uQEb92vXK6yE7RqykHQKau9ygMGJwVACPxCG3mjdLPyyVENDJZMiLASSESx8bDxjTghHE,453237331,false,,,,TokenzQdBNbLqP5VEhdkAS6EPFLC1PHnBqCXEpPxuEb,11111111111111111111111111111111,false,false,148881368,787801305769320,,false,activity_window_incomplete_no_selection
9,5Ud7SwXahDV3vTn81EZ8KHu8jFCicaimX6MS8nMc7omz,2xqjikzHCuRGtepZvhVbMsg2sf9Do7J3yCkw7x5Qp6HZjRabYjAEkqmQ1HLcjX9MZEMnJLyctojLEhtqYnDcgFsy,453237333,false,,,,TokenzQdBNbLqP5VEhdkAS6EPFLC1PHnBqCXEpPxuEb,11111111111111111111111111111111,false,false,56581007,791080095654105,,false,activity_window_incomplete_no_selection
9,F85etkxu9NApMdNZNREatMnjpwHJ2fRCvJUX72xXTxuG,aLyzthLn4ARzNqPsZCavP9HRPxessB87XKBaYmDdief9ibwSiTjR5rDq3N2rdGi7xDzwPqKzu7mB1eHPzQnRNJ6,453237334,false,,,,TokenzQdBNbLqP5VEhdkAS6EPFLC1PHnBqCXEpPxuEb,XsoCS1TfEyfFhfvj8EtZ528L3CaKBDBRqRapnBbDF2W,false,false,0,793100000000000,,false,activity_window_incomplete_no_selection
9,6fmaHsGyrzcfK6pVxk7n1ucJf2LTNHWmYEa9GDPHDtjy,gQQzmsJTa3a8yknnBr8cYu5qkFHLMvXX2mrVpme8NS5yBZDoFGtFxhxnRF6xyr63PBdGzudGdN1p9jHvt4cVEVi,453237335,false,,,,TokenzQdBNbLqP5VEhdkAS6EPFLC1PHnBqCXEpPxuEb,11111111111111111111111111111111,false,false,56581007,791080095654105,,false,activity_window_incomplete_no_selection
9,3jJvpnoUpfHGcc4tjtF9sav3jJQngigP9ZuarEaQpump,4CcAD7Jz6VsvrZDPReBE3nwszwSm2z8vZxcyxi1ppKWWjMvwj8egR8eRTARYtgqRRikuZdWM3PRdtHYi6LcTay6R,453237335,false,,,,TokenzQdBNbLqP5VEhdkAS6EPFLC1PHnBqCXEpPxuEb,11111111111111111111111111111111,false,false,134801486,788300167674440,,false,activity_window_incomplete_no_selection
9,4HHJcKNiSkT4N7dXEYfXFirzNvw9CmQHPrQEzAnwq6pL,56fS1ozxexizvsP7TZA3JfaKqjKb4KGJUYqqEUxnKYUsXpekYLyA2G3cnN63zwRrELgnat7Jv47J9P9NAowFsyWk,453237336,false,,,,TokenzQdBNbLqP5VEhdkAS6EPFLC1PHnBqCXEpPxuEb,XsoCS1TfEyfFhfvj8EtZ528L3CaKBDBRqRapnBbDF2W,false,false,0,793100000000000,,false,activity_window_incomplete_no_selection
9,BtPYunJ74LMQbBXbH5DonwvL1HhSpyvVzgGW1KvWpump,36N2TNbFUt7xf3781qK6FmSsrm13vsJiFcwZZPrGaVYwDWmjJP4xHJEM95wtdxCMwjjCLUkm6GpSpQ628CgmYeW5,453237337,false,,,,TokenzQdBNbLqP5VEhdkAS6EPFLC1PHnBqCXEpPxuEb,11111111111111111111111111111111,false,false,7555874845,577222891109444,,false,activity_window_incomplete_no_selection
9,2j8zNPP8ZgJ4PSip3t7m2UnQTzqJYVPaKrEk4kbpzDxz,dGqwWLEuK2UH8E5HMEuxSfcNQoHZpiwoVyn6zAQ5jvheLQBsgcyn1SF8wA6K7ARpuX1XC1QmGqLD8Nxo8nF1ddG,453237337,false,,,,TokenzQdBNbLqP5VEhdkAS6EPFLC1PHnBqCXEpPxuEb,BoTx8y9ynfdxf5ZjWtCoBVkff52qKA82ysaLU8ZM6d8T,false,false,0,793100000000000,,false,activity_window_incomplete_no_selection
9,5EaZUq48sHdXCez466RZ7SoSheo7VLpzFoJp8SodarDZ,38z2jTBdodCjVs8xVXTewhiN8u3A94CoJo9pFzuiyNfv2gRmWeCfpj2sVNgpUQA5ufCm6tMcg56fHZmjyiYecTNp,453237344,false,,,,TokenzQdBNbLqP5VEhdkAS6EPFLC1PHnBqCXEpPxuEb,11111111111111111111111111111111,false,false,46823788,791427879071218,,false,activity_window_incomplete_no_selection
9,5eVk3wWhkjj2Qi2zFxoudCgo5SKsQyFkrL34n5jvcX1n,3NiMbaJ8RCPfSGaT96zPwjtWDxtfVoQ7Sm7AY8iUjkftnTy4D8NogdaHUpqsE5Z47XbemiUjt6uY1ZmJdpL28yiV,453237346,false,,,,TokenzQdBNbLqP5VEhdkAS6EPFLC1PHnBqCXEpPxuEb,11111111111111111111111111111111,false,false,46823788,791427879071218,,false,activity_window_incomplete_no_selection
9,2JryT5SUMckzGGyboXATCKw9gRfkaagobQHXNuGJ5Pjt,9k7jrHZNxtv6g97GK958T7igGZn5qauwsaNHJ4MjM3iXATM8gkMfEy65cw3vMy97V558t4WUMEnSZYKViyyeqMw,453237348,false,,,,TokenzQdBNbLqP5VEhdkAS6EPFLC1PHnBqCXEpPxuEb,XsoCS1TfEyfFhfvj8EtZ528L3CaKBDBRqRapnBbDF2W,false,false,0,793100000000000,,false,activity_window_incomplete_no_selection
9,4cNkmAYF7SNM6JAz1MDu6wDTP7Ru76f6oEytEKN1m3mC,eqMjzCtuRQvctQfv5RPZDrQL7gxVhRbvkGC9GyWAghrU4Q8xVTahaje6eYDsCF6b1hWdMipTSfUJ7qg7MT5jrTi,453237348,false,,,,TokenzQdBNbLqP5VEhdkAS6EPFLC1PHnBqCXEpPxuEb,XsoCS1TfEyfFhfvj8EtZ528L3CaKBDBRqRapnBbDF2W,false,false,0,793100000000000,,false,activity_window_incomplete_no_selection
9,APRAW448UnLSbUDcWFoALdx34m2JewnjxXbhYcUzQW5a,2tWXsfsxJUavEutRmFRZFRVq4t4LtMnJPTxV8iRrqorPyibxBn3E7mfV34fESZs2b8JcVvoLP7dqxEiZuQ6TSABN,453237349,false,,,,TokenzQdBNbLqP5VEhdkAS6EPFLC1PHnBqCXEpPxuEb,11111111111111111111111111111111,false,false,46823788,791427879071218,,false,activity_window_incomplete_no_selection
9,CsepZ5eyBE6wjhL47WMQb2KwjswrtBvVsEPSidxspump,5ar3uRsjgT4LULMVUTrhW3kCAA6ux4sh93kqqQWYd5mf5vemYSyUBY5p7fr7ctVHqgfBiuKuv9agWzEVEvEHBcMZ,453237349,false,,,,TokenzQdBNbLqP5VEhdkAS6EPFLC1PHnBqCXEpPxuEb,11111111111111111111111111111111,false,false,977777,793065029346220,,false,activity_window_incomplete_no_selection
9,7MiPJtMdF2CcKncuXmkAqcq7nDY7snX8UVPFj5jhpump,xWiCZF8MNPiKGTaagK1c53AnMURNVfrwPJNmhWVA1QJ8ygcQA3nsEZim4KCEmEShTKBuuewDmbNggDeka7ttHr9,453237350,false,,,,TokenzQdBNbLqP5VEhdkAS6EPFLC1PHnBqCXEpPxuEb,11111111111111111111111111111111,false,false,98765431,789579081253152,,false,activity_window_incomplete_no_selection
