wave,mint,timeoutSeconds,basis,sampleSeconds,estimatedPnlLamports,estimatedPnlUsdt,assumption
1,HKEZKN1ev8hD2utDdefpcujufTwALCsVvdRcJXwGpump,30,snapshot-only counterfactual,31,-787016,-0.0955437424,"quote observed while actual position remained open; replaces 50,000-lamport reserve with observed 45,000-lamport fee; ignores sale latency and own market impact"
1,HKEZKN1ev8hD2utDdefpcujufTwALCsVvdRcJXwGpump,60,snapshot-only counterfactual,62,-783345,-0.095098083,"quote observed while actual position remained open; replaces 50,000-lamport reserve with observed 45,000-lamport fee; ignores sale latency and own market impact"
1,HKEZKN1ev8hD2utDdefpcujufTwALCsVvdRcJXwGpump,120,snapshot-only counterfactual,124,-779283,-0.0946049562,"quote observed while actual position remained open; replaces 50,000-lamport reserve with observed 45,000-lamport fee; ignores sale latency and own market impact"
1,HKEZKN1ev8hD2utDdefpcujufTwALCsVvdRcJXwGpump,300,observed baseline execution,,-922106,-0.1119436684,confirmed wallet balance deltas plus recoverable rent; actual transaction timing
2,Bvh9xjVqTWA2AAM7HE2Lt11fbhsdAf3WyEALQwHMgSut,30,snapshot-only counterfactual,31,-2709880,-0.3288168392,"quote observed while actual position remained open; replaces 50,000-lamport reserve with observed 45,000-lamport fee; ignores sale latency and own market impact"
2,Bvh9xjVqTWA2AAM7HE2Lt11fbhsdAf3WyEALQwHMgSut,60,snapshot-only counterfactual,63,-2709880,-0.3288168392,"quote observed while actual position remained open; replaces 50,000-lamport reserve with observed 45,000-lamport fee; ignores sale latency and own market impact"
2,Bvh9xjVqTWA2AAM7HE2Lt11fbhsdAf3WyEALQwHMgSut,120,snapshot-only counterfactual,120,-2709880,-0.3288168392,"quote observed while actual position remained open; replaces 50,000-lamport reserve with observed 45,000-lamport fee; ignores sale latency and own market impact"
2,Bvh9xjVqTWA2AAM7HE2Lt11fbhsdAf3WyEALQwHMgSut,300,observed baseline execution,,-2714334,-0.32935728756000004,confirmed wallet balance deltas plus recoverable rent; actual transaction timing
3,3bqjGQ7HQC7JxG6fq8K6U3QYGKNMWEYsfAGn1HWc27yY,30,observed profit exit before timeout,,680617,0.08253842358999999,actual profit triggered sale before this timeout; unchanged for longer timeout
3,3bqjGQ7HQC7JxG6fq8K6U3QYGKNMWEYsfAGn1HWc27yY,60,observed profit exit before timeout,,680617,0.08253842358999999,actual profit triggered sale before this timeout; unchanged for longer timeout
3,3bqjGQ7HQC7JxG6fq8K6U3QYGKNMWEYsfAGn1HWc27yY,120,observed profit exit before timeout,,680617,0.08253842358999999,actual profit triggered sale before this timeout; unchanged for longer timeout
3,3bqjGQ7HQC7JxG6fq8K6U3QYGKNMWEYsfAGn1HWc27yY,300,observed baseline execution,,680617,0.08253842358999999,confirmed wallet balance deltas plus recoverable rent; actual transaction timing
4,2Uc6S4C5aQ5NH1J5Co4HPwdSuZCS8QGmBPd5SRxppump,30,snapshot-only counterfactual,31,-2236798,-0.27125649345999997,"quote observed while actual position remained open; replaces 50,000-lamport reserve with observed 45,000-lamport fee; ignores sale latency and own market impact"
4,2Uc6S4C5aQ5NH1J5Co4HPwdSuZCS8QGmBPd5SRxppump,60,snapshot-only counterfactual,62,-2615645,-0.31719926915,"quote observed while actual position remained open; replaces 50,000-lamport reserve with observed 45,000-lamport fee; ignores sale latency and own market impact"
4,2Uc6S4C5aQ5NH1J5Co4HPwdSuZCS8QGmBPd5SRxppump,120,snapshot-only counterfactual,124,-2782845,-0.33747561314999996,"quote observed while actual position remained open; replaces 50,000-lamport reserve with observed 45,000-lamport fee; ignores sale latency and own market impact"
4,2Uc6S4C5aQ5NH1J5Co4HPwdSuZCS8QGmBPd5SRxppump,300,observed baseline execution,,-1820821,-0.22081096267,confirmed wallet balance deltas plus recoverable rent; actual transaction timing
7,BQgvrXhbCgTG94DG4UToJY4Ggv1mmXRKw72z4eb9pump,30,snapshot-only counterfactual,31,-265357,-0.032211686229999995,"quote observed while actual position remained open; replaces 50,000-lamport reserve with observed 45,000-lamport fee; ignores sale latency and own market impact"
7,BQgvrXhbCgTG94DG4UToJY4Ggv1mmXRKw72z4eb9pump,60,snapshot-only counterfactual,62,-442088,-0.05366506232,"quote observed while actual position remained open; replaces 50,000-lamport reserve with observed 45,000-lamport fee; ignores sale latency and own market impact"
7,BQgvrXhbCgTG94DG4UToJY4Ggv1mmXRKw72z4eb9pump,120,snapshot-only counterfactual,124,-350559,-0.04255435701,"quote observed while actual position remained open; replaces 50,000-lamport reserve with observed 45,000-lamport fee; ignores sale latency and own market impact"
7,BQgvrXhbCgTG94DG4UToJY4Ggv1mmXRKw72z4eb9pump,300,observed baseline execution,,-2259054,-0.27422656506,confirmed wallet balance deltas plus recoverable rent; actual transaction timing
8,Cbq36xHU7ynVrrwcAN75SDYkvCmLZRX5cwUPYmUJpump,30,snapshot-only counterfactual,31,-1819793,-0.22083188055,"quote observed while actual position remained open; replaces 50,000-lamport reserve with observed 45,000-lamport fee; ignores sale latency and own market impact"
8,Cbq36xHU7ynVrrwcAN75SDYkvCmLZRX5cwUPYmUJpump,60,snapshot-only counterfactual,62,-1802570,-0.2187418695,"quote observed while actual position remained open; replaces 50,000-lamport reserve with observed 45,000-lamport fee; ignores sale latency and own market impact"
8,Cbq36xHU7ynVrrwcAN75SDYkvCmLZRX5cwUPYmUJpump,120,snapshot-only counterfactual,124,-1803421,-0.21884513834999997,"quote observed while actual position remained open; replaces 50,000-lamport reserve with observed 45,000-lamport fee; ignores sale latency and own market impact"
8,Cbq36xHU7ynVrrwcAN75SDYkvCmLZRX5cwUPYmUJpump,300,observed baseline execution,,-1803421,-0.21884513834999997,confirmed wallet balance deltas plus recoverable rent; actual transaction timing
