wave,mint,requestedSeconds,observedElapsedSeconds,estimatedNetPnlLamports,estimatedNetPnlUsdtAtEntryRate,quoteLamports,source
1,HKEZKN1ev8hD2utDdefpcujufTwALCsVvdRcJXwGpump,0,0,-140025,-0.016999035000000003,7945089,"price_progress log; sell quote estimate, not execution"
1,HKEZKN1ev8hD2utDdefpcujufTwALCsVvdRcJXwGpump,5,5,-439794,-0.05339099160000001,7645320,"price_progress log; sell quote estimate, not execution"
1,HKEZKN1ev8hD2utDdefpcujufTwALCsVvdRcJXwGpump,10,10,-439794,-0.05339099160000001,7645320,"price_progress log; sell quote estimate, not execution"
1,HKEZKN1ev8hD2utDdefpcujufTwALCsVvdRcJXwGpump,20,21,-692281,-0.0840429134,7392833,"price_progress log; sell quote estimate, not execution"
1,HKEZKN1ev8hD2utDdefpcujufTwALCsVvdRcJXwGpump,30,31,-792016,-0.0961507424,7293098,"price_progress log; sell quote estimate, not execution"
1,HKEZKN1ev8hD2utDdefpcujufTwALCsVvdRcJXwGpump,60,62,-788345,-0.095705083,7296769,"price_progress log; sell quote estimate, not execution"
1,HKEZKN1ev8hD2utDdefpcujufTwALCsVvdRcJXwGpump,120,124,-784283,-0.0952119562,7300831,"price_progress log; sell quote estimate, not execution"
2,Bvh9xjVqTWA2AAM7HE2Lt11fbhsdAf3WyEALQwHMgSut,0,0,-1554444,-0.18861623496000002,6534621,"price_progress log; sell quote estimate, not execution"
2,Bvh9xjVqTWA2AAM7HE2Lt11fbhsdAf3WyEALQwHMgSut,5,5,-2147492,-0.26057667928,5941573,"price_progress log; sell quote estimate, not execution"
2,Bvh9xjVqTWA2AAM7HE2Lt11fbhsdAf3WyEALQwHMgSut,10,10,-2165850,-0.262804239,5923215,"price_progress log; sell quote estimate, not execution"
2,Bvh9xjVqTWA2AAM7HE2Lt11fbhsdAf3WyEALQwHMgSut,20,21,-2582423,-0.31335120682,5506642,"price_progress log; sell quote estimate, not execution"
2,Bvh9xjVqTWA2AAM7HE2Lt11fbhsdAf3WyEALQwHMgSut,30,31,-2714880,-0.3294235392,5374185,"price_progress log; sell quote estimate, not execution"
2,Bvh9xjVqTWA2AAM7HE2Lt11fbhsdAf3WyEALQwHMgSut,60,63,-2714880,-0.3294235392,5374185,"price_progress log; sell quote estimate, not execution"
2,Bvh9xjVqTWA2AAM7HE2Lt11fbhsdAf3WyEALQwHMgSut,120,120,-2714880,-0.3294235392,5374185,"price_progress log; sell quote estimate, not execution"
3,3bqjGQ7HQC7JxG6fq8K6U3QYGKNMWEYsfAGn1HWc27yY,0,0,-485245,-0.05884566115,7205411,"price_progress log; sell quote estimate, not execution"
3,3bqjGQ7HQC7JxG6fq8K6U3QYGKNMWEYsfAGn1HWc27yY,5,5,-694548,-0.08422783596,6996108,"price_progress log; sell quote estimate, not execution"
3,3bqjGQ7HQC7JxG6fq8K6U3QYGKNMWEYsfAGn1HWc27yY,10,10,-1285481,-0.15589028086999998,6405175,"price_progress log; sell quote estimate, not execution"
4,2Uc6S4C5aQ5NH1J5Co4HPwdSuZCS8QGmBPd5SRxppump,0,0,-551882,-0.06692673013999999,7541797,"price_progress log; sell quote estimate, not execution"
4,2Uc6S4C5aQ5NH1J5Co4HPwdSuZCS8QGmBPd5SRxppump,5,5,-1444601,-0.17518676327,6649078,"price_progress log; sell quote estimate, not execution"
4,2Uc6S4C5aQ5NH1J5Co4HPwdSuZCS8QGmBPd5SRxppump,10,10,-1538977,-0.18663174079,6554702,"price_progress log; sell quote estimate, not execution"
4,2Uc6S4C5aQ5NH1J5Co4HPwdSuZCS8QGmBPd5SRxppump,20,21,-2930126,-0.35533638001999995,5163553,"price_progress log; sell quote estimate, not execution"
4,2Uc6S4C5aQ5NH1J5Co4HPwdSuZCS8QGmBPd5SRxppump,30,31,-2241798,-0.27186284346,5851881,"price_progress log; sell quote estimate, not execution"
4,2Uc6S4C5aQ5NH1J5Co4HPwdSuZCS8QGmBPd5SRxppump,60,62,-2620645,-0.31780561915,5473034,"price_progress log; sell quote estimate, not execution"
4,2Uc6S4C5aQ5NH1J5Co4HPwdSuZCS8QGmBPd5SRxppump,120,124,-2787845,-0.33808196315,5305834,"price_progress log; sell quote estimate, not execution"
4,2Uc6S4C5aQ5NH1J5Co4HPwdSuZCS8QGmBPd5SRxppump,300,300,-2204202,-0.26730357654000003,5889477,"price_progress log; sell quote estimate, not execution"
7,BQgvrXhbCgTG94DG4UToJY4Ggv1mmXRKw72z4eb9pump,0,0,-287909,-0.03494927351,7797863,"price_progress log; sell quote estimate, not execution"
7,BQgvrXhbCgTG94DG4UToJY4Ggv1mmXRKw72z4eb9pump,5,5,-287909,-0.03494927351,7797863,"price_progress log; sell quote estimate, not execution"
7,BQgvrXhbCgTG94DG4UToJY4Ggv1mmXRKw72z4eb9pump,10,10,-265941,-0.03228257799,7819831,"price_progress log; sell quote estimate, not execution"
7,BQgvrXhbCgTG94DG4UToJY4Ggv1mmXRKw72z4eb9pump,20,21,-265941,-0.03228257799,7819831,"price_progress log; sell quote estimate, not execution"
7,BQgvrXhbCgTG94DG4UToJY4Ggv1mmXRKw72z4eb9pump,30,31,-270357,-0.032818636229999996,7815415,"price_progress log; sell quote estimate, not execution"
7,BQgvrXhbCgTG94DG4UToJY4Ggv1mmXRKw72z4eb9pump,60,62,-447088,-0.05427201232,7638684,"price_progress log; sell quote estimate, not execution"
7,BQgvrXhbCgTG94DG4UToJY4Ggv1mmXRKw72z4eb9pump,120,124,-355559,-0.04316130701,7730213,"price_progress log; sell quote estimate, not execution"
7,BQgvrXhbCgTG94DG4UToJY4Ggv1mmXRKw72z4eb9pump,300,300,-2264054,-0.27483351506000003,5821718,"price_progress log; sell quote estimate, not execution"
8,Cbq36xHU7ynVrrwcAN75SDYkvCmLZRX5cwUPYmUJpump,0,0,-292665,-0.035514897749999996,7807674,"price_progress log; sell quote estimate, not execution"
8,Cbq36xHU7ynVrrwcAN75SDYkvCmLZRX5cwUPYmUJpump,5,5,-38773,-0.00470510355,8061566,"price_progress log; sell quote estimate, not execution"
8,Cbq36xHU7ynVrrwcAN75SDYkvCmLZRX5cwUPYmUJpump,10,10,-38773,-0.00470510355,8061566,"price_progress log; sell quote estimate, not execution"
8,Cbq36xHU7ynVrrwcAN75SDYkvCmLZRX5cwUPYmUJpump,20,21,-1824793,-0.22143863055,6275546,"price_progress log; sell quote estimate, not execution"
8,Cbq36xHU7ynVrrwcAN75SDYkvCmLZRX5cwUPYmUJpump,30,31,-1824793,-0.22143863055,6275546,"price_progress log; sell quote estimate, not execution"
8,Cbq36xHU7ynVrrwcAN75SDYkvCmLZRX5cwUPYmUJpump,60,62,-1807570,-0.2193486195,6292769,"price_progress log; sell quote estimate, not execution"
8,Cbq36xHU7ynVrrwcAN75SDYkvCmLZRX5cwUPYmUJpump,120,124,-1808421,-0.21945188834999999,6291918,"price_progress log; sell quote estimate, not execution"
8,Cbq36xHU7ynVrrwcAN75SDYkvCmLZRX5cwUPYmUJpump,300,300,-1808421,-0.21945188834999999,6291918,"price_progress log; sell quote estimate, not execution"
